Title,Season,Episode Number,Air Date,Runtime,Rating,Appreciation Index
An Unearthly Child,1,1,23-11-63,23:00,5.9,59
The Cave of Skulls,1,2,30-11-63,26:00,6.9,56
The Forest of Fear,1,3,07-12-63,38:00,6.4,55
The Firemaker,1,4,14-12-63,22:00,6.9,59
The Dead Planet,1,5,21-12-63,22:00,6.4,58
The Survivors,1,6,28-12-63,27:00,8.9,63
The Escape,1,7,04-01-64,10:00,9.9,63
The Ambush,1,8,11-01-64,37:00,9.9,63
The Expedition,1,9,18-01-64,31:00,10.4,63
The Ordeal,1,10,25-01-64,14:00,10.4,65
The Rescue,1,11,01-02-64,24:00,10.4,61
The Edge of Destruction,1,12,08-02-64,04:00,9.9,60
The Brink of Disaster,1,13,15-02-64,11:00,9.4,63
The Roof of the World,1,14,22-02-64,12:00,9.4,62
The Singing Sands,1,15,29-02-64,34:00,9.4,62
Five Hundred Eyes,1,16,07-03-64,20:00,9.9,60
The Wall of Lies,1,17,14-03-64,48:00,9.4,59
Rider from Shang-Tu,1,18,21-03-64,26:00,8.4,59
Mighty Kublai Khan,1,19,28-03-64,36:00,10.4,59
Assassain at Peking,1,20,04-04-64,48:00,9.9,62
The Sea of Death,1,21,11-04-64,20:00,9.4,60
The Velvet Web,1,22,18-04-64,37:00,9.9,61
The Screaming Jungle,1,23,25-04-64,45:00,10.4,60
The Snows of Terror,1,24,02-05-64,54:00,7.9,61
Sentence of Death,1,25,09-05-64,03:00,6.9,63
The Keys of Marinus,1,26,16-05-64,11:00,7.4,62
The Temple of Evil,1,27,23-05-64,56:00,7.4,62
The Warriors of Death,1,28,30-05-64,11:00,7.9,57
The Bride of Sacrifice,1,29,06-06-64,27:00,7.4,58
The Day of Darkness,1,30,13-06-64,30:00,7.9,59
Strangers in Space,1,31,20-06-64,46:00,6.9,59
The Unwilling Warriors,1,32,27-06-64,44:00,7.4,56
Hidden Danger,1,33,11-07-64,53:00,5.5,60
A Race Against Death,1,34,18-07-64,49:00,6.9,57
Kidnap,1,35,25-07-64,47:00,6.9,57
A Desperate Venture,1,36,01-08-64,29:00,6.9,58
A Land of Fear,1,37,08-08-64,24:00,6.9,54
Guests of Madame Guillotine,1,38,15-08-64,04:00,6.9,55
A Change of Identity,1,39,22-08-64,23:00,6.4,53
The Tyrant of France,1,40,29-08-64,46:00,6.9,53
A Bargain of Necessity,1,41,05-09-64,51:00,6.4,55
Prisoners of Conciergerie,1,42,12-09-64,04:00,8.4,57
Planet of Giants,2,1,31-10-64,15:00,8.4,58
Dangerous Journey,2,2,07-11-64,40:00,8.9,59
Crisis,2,3,14-11-64,35:00,11.4,63
World's End,2,4,21-11-64,42:00,12.4,59
The Daleks,2,5,28-11-64,19:00,11.9,59
Day of Reckoning,2,6,05-12-64,50:00,11.9,59
The End of Tomorrow,2,7,12-12-64,23:00,11.4,58
The Waking Ally,2,8,19-12-64,29:00,12.4,63
Flashpoint,2,9,26-12-64,21:00,12,57
The Powerful Enemy,2,10,02-01-65,15:00,13,59
Desperate Measures,2,11,09-01-65,36:00,13,53
The Slave Traders,2,12,16-01-65,14:00,11.5,51
All Roads Lead to Rome,2,13,23-01-65,14:00,10,50
Conspiracy,2,14,30-01-65,18:00,12,50
Inferno,2,15,06-02-65,09:00,13.5,56
The Web Planet,2,16,13-02-65,57:00,12.5,53
The Zarbi,2,17,20-02-65,20:00,12.5,53
Escape to Danger,2,18,27-02-65,52:00,13,49
Crater of Needles,2,19,06-03-65,50:00,12,48
Invasion,2,20,13-03-65,04:00,11.5,42
The Centre,2,21,20-03-65,32:00,10.5,51
The Lion,2,22,27-03-65,56:00,8.5,50
The Kinght of Jaffa,2,23,03-04-65,28:00,9,49
The Wheel of Fortune,2,24,10-04-65,51:00,9.5,48
The Warlords,2,25,17-04-65,40:00,10.5,61
The Space Museum,2,26,24-04-65,38:00,9.2,53
The Dimensions of Time,2,27,01-05-65,00:00,8.5,56
The Search,2,28,08-05-65,33:00,8.5,49
The Final Phase,2,29,15-05-65,15:00,10,57
The Executioners,2,30,22-05-65,25:00,9.5,56
The Death of Time,2,31,29-05-65,32:00,9,55
Flight Through Eternity,2,32,05-06-65,23:00,9.5,54
Journey Into Terror,2,33,12-06-65,49:00,9,56
The Death of Doctor Who,2,34,19-06-65,27:00,9.5,57
The Planet of Decision,2,35,26-06-65,29:00,8.9,57
The Watcher,2,36,03-07-65,05:00,8.8,49
The Meddling Monk,2,37,10-07-65,17:00,7.7,53
A Battle of Wits,2,38,17-07-65,10:00,8.3,54
Checkmate,2,39,24-07-65,00:00,9,56
Four Hundred Dawns,3,1,11-09-65,21:00,9.5,55
Trap of Steel,3,2,18-09-65,51:00,11.3,54
Air Lock,3,3,25-09-65,19:00,9.9,53
The Exploding Planet,3,4,02-10-65,47:00,8.3,54
Mission to the Unknown,3,5,09-10-65,42:00,8.3,48
Temple of Secrets,3,6,16-10-65,45:00,8.1,51
"Small Prophet, Quick Return",3,7,23-10-65,43:00,8.7,49
Death of a Spy,3,8,30-10-65,39:00,8.3,52
Horse of Destruction,3,9,06-11-65,25:00,9.1,54
The Nightmare Begins,3,10,13-11-65,52:00,9.5,50
Escape Switch,3,11,15-01-66,37:00,9.8,49
The Abandoned Planet,3,12,22-01-66,34:00,8.6,57
Destruction of Time,3,13,29-01-66,31:00,9.8,52
Day of Armageddon,3,14,20-11-65,25:00,10.3,52
Devil's Planet,3,15,27-11-65,30:00,9.5,51
The Traitors,3,16,04-12-65,42:00,9.9,53
Counter Plot,3,17,11-12-65,03:00,9.1,56
Coronas of the Sun,3,18,18-12-65,45:00,7.9,39
The Feast of Steven,3,19,25-12-65,36:00,9.6,49
Volcano,3,20,01-01-66,42:00,9.2,52
Golden Death,3,21,08-01-66,38:00,8,52
War of God,3,22,05-02-66,51:00,6,52
The Sea Beggar,3,23,12-02-66,43:00,5.9,49
Priest of Death,3,24,19-02-66,33:00,5.8,53
Bell of Doom,3,25,26-02-66,06:00,5.5,55
The Steel Sky,3,26,05-03-66,00:00,6.9,56
The Plague,3,27,12-03-66,00:00,6.2,51
The Return,3,28,19-03-66,19:00,7.3,50
The Bomb,3,29,26-03-66,37:00,8,48
The Celestial Toyroom,3,30,02-04-66,40:00,8,49
The Hall of Dolls,3,31,09-04-66,45:00,9.4,44
The Dancing Floor,3,32,16-04-66,10:00,7.8,43
The Final Test,3,33,23-04-66,57:00,6.5,45
A Holiday for the Doctor,3,34,30-04-66,48:00,6.6,39
Don't Shoot the Pianist,3,35,07-05-66,47:00,6.2,36
Johnny Ringo,3,36,14-05-66,52:00,5.7,30
The OK Corral,3,37,21-05-66,53:00,4.8,48
Episode 1,3,38,28-05-66,41:00,5.6,49
Episode 2,3,39,04-06-66,57:00,5,48
Episode 3,3,40,11-06-66,59:00,4.5,48
Episode 4,3,41,18-06-66,41:00,5.4,49
Episode 1,3,42,25-06-66,01:00,4.7,45
Episode 2,3,43,02-07-66,00:00,5.3,44
Episode 3,3,44,09-07-66,58:00,5.5,39
Episode 4,3,45,16-07-66,11:00,4.3,47
Episode 1,4,1,10-09-66,36:00,4.9,45
Episode 2,4,2,17-09-66,27:00,4.2,43
Episode 3,4,3,24-09-66,55:00,4.5,43
Episode 4,4,4,01-10-66,37:00,5.5,50
Episode 1,4,5,08-10-66,08:00,6.4,48
Episode 2,4,6,15-10-66,15:00,7.6,48
Episode 3,4,7,22-10-66,31:00,7.5,47
Episode 4,4,8,29-10-66,02:00,7.9,43
Episode 1,4,9,05-11-66,43:00,7.8,45
Episode 2,4,10,12-11-66,29:00,7.5,44
Episode 3,4,11,19-11-66,31:00,7.8,47
Episode 4,4,12,26-11-66,23:00,8,48
Episode 5,4,13,03-12-66,38:00,7.8,47
Episode 6,4,14,10-12-66,46:00,6.7,47
Episode 1,4,15,17-12-66,38:00,6.8,46
Episode 2,4,16,24-12-66,41:00,7.4,47
Episode 3,4,17,31-12-66,54:00,7.3,47
Episode 4,4,18,07-01-67,19:00,8.3,48
Episode 1,4,19,14-01-67,18:00,7.5,46
Episode 2,4,20,21-01-67,00:00,7.1,45
Episode 3,4,21,28-01-67,09:00,7,47
Episode 4,4,22,04-02-67,20:00,8.1,50
Episode 1,4,23,11-02-67,12:00,8.9,49
Episode 2,4,24,18-02-67,42:00,8.2,53
Episode 3,4,25,25-02-67,11:00,8.1,58
Episode 4,4,26,04-03-67,28:00,8,50
Episode 1,4,27,11-03-67,58:00,7.9,48
Episode 2,4,28,18-03-67,21:00,8.5,52
Episode 3,4,29,25-03-67,24:00,8.4,49
Episode 4,4,30,01-04-67,41:00,8,51
Episode 1,4,31,08-04-67,47:00,6.4,50
Episode 2,4,32,15-04-67,22:00,7.9,53
Episode 3,4,33,22-04-67,10:00,6.9,55
Episode 4,4,34,29-04-67,28:00,7.1,55
Episode 5,4,35,06-05-67,34:00,8,52
Episode 6,4,36,13-05-67,38:00,8.1,51
Episode 1,4,37,20-05-67,07:00,7.5,51
Episode 2,4,38,27-05-67,13:00,6.1,52
Episode 3,4,39,03-06-67,27:00,5.3,51
Episode 4,4,40,10-06-67,43:00,5.1,53
Episode 5,4,41,17-06-67,23:00,6.8,49
Episode 6,4,42,24-06-67,48:00,6.1,56
Episode 7,4,43,01-07-67,33:00,6,53
Episode 1,5,1,02-09-67,58:00,6.4,52
Episode 2,5,2,09-09-67,44:00,7.2,49
Episode 3,5,3,16-09-67,14:00,7.4,50
Episode 4,5,4,23-09-67,22:00,6.3,50
Episode 1,5,5,30-09-67,15:00,6,52
Episode 2,5,6,07-10-67,15:00,7.1,51
Episode 3,5,7,14-10-67,55:00,7.1,50
Episode 4,5,8,21-10-67,11:00,7.2,51
Episode 5,5,9,28-10-67,51:00,7.4,52
Episode 6,5,10,04-11-67,31:00,6.7,52
Episode 1,5,11,11-11-67,21:00,7.1,52
Episode 2,5,12,18-11-67,16:00,7.4,51
Episode 3,5,13,25-11-67,58:00,7.3,51
Episode 4,5,14,02-12-67,23:00,8,50
Episode 5,5,15,09-12-67,25:00,7.5,51
Episode 6,5,16,16-12-67,58:00,6.8,50
Episode 1,5,17,23-12-67,45:00,7.6,49
Episode 2,5,18,30-12-67,48:00,7.1,48
Episode 3,5,19,06-01-68,05:00,7.8,49
Episode 4,5,20,13-01-68,46:00,6.9,49
Episode 5,5,21,20-01-68,22:00,8.3,52
Episode 6,5,22,27-01-68,41:00,7.2,54
Episode 1,5,23,03-02-68,53:00,6.8,53
Episode 2,5,24,10-02-68,38:00,7,51
Episode 3,5,25,17-02-68,34:00,8.4,53
Episode 4,5,26,24-02-68,50:00,8,55
Episode 5,5,27,02-03-68,19:00,8.3,55
Episode 6,5,28,09-03-68,41:00,8.2,55
Episode 1,5,29,16-03-68,54:00,7.9,55
Episode 2,5,30,23-03-68,08:00,7.7,56
Episode 3,5,31,30-03-68,29:00,6.6,56
Episode 4,5,32,06-04-68,17:00,5.9,56
Episode 5,5,33,13-04-68,40:00,6.9,57
Episode 6,5,34,20-04-68,24:00,7.2,57
Episode 1,5,35,27-04-68,47:00,6.9,60
Episode 2,5,36,04-05-68,50:00,7.5,55
Episode 3,5,37,11-05-68,25:00,8.6,56
Episode 4,5,38,18-05-68,14:00,6.8,57
Episode 5,5,39,25-05-68,55:00,6.5,62
Episode 6,5,40,01-06-68,10:00,6.1,52
Episode 1,6,1,10-08-68,25:00,5.9,55
Episode 2,6,2,17-08-68,07:00,5.4,55
Episode 3,6,3,24-08-68,06:00,7.5,51
Episode 4,6,4,31-08-68,54:00,5.9,53
Episode 5,6,5,07-09-68,10:00,6.6,51
Episode 1,6,6,14-09-68,27:00,6.5,49
Episode 2,6,7,21-09-68,39:00,7.2,53
Episode 3,6,8,28-09-68,29:00,7.3,56
Episode 4,6,9,05-10-68,14:00,6.7,49
Episode 5,6,10,12-10-68,00:00,7.3,55
Episode 1,6,11,02-11-68,32:00,7.1,53
Episode 2,6,12,09-11-68,26:00,7.1,54
Episode 3,6,13,16-11-68,44:00,6.4,51
Episode 4,6,14,23-11-68,18:00,6.7,52
Episode 5,6,15,30-11-68,25:00,6.5,56
Episode 6,6,16,07-12-68,20:00,7.2,55
Episode 7,6,17,14-12-68,46:00,7,53
Episode 8,6,18,21-12-68,03:00,9,59
Episode 1,6,19,28-12-68,00:00,8.4,57
Episode 2,6,20,04-01-69,03:00,7.5,56
Episode 3,6,21,11-01-69,47:00,7.1,55
Episode 4,6,22,18-01-69,39:00,6.6,57
Episode 1,6,23,25-01-69,11:00,6.8,59
Episode 2,6,24,01-02-69,26:00,7.5,55
Episode 3,6,25,08-02-69,10:00,7.1,55
Episode 4,6,26,15-02-69,57:00,7.6,57
Episode 5,6,27,22-02-69,56:00,7.7,59
Episode 6,6,28,01-03-69,31:00,5.8,57
Episode 1,6,29,08-03-69,11:00,6.8,52
Episode 2,6,30,15-03-69,02:00,6.4,55
Episode 3,6,31,22-03-69,50:00,5.8,53
Episode 4,6,32,29-03-69,25:00,5.5,56
Episode 5,6,33,05-04-69,44:00,5.3,52
Episode 6,6,34,12-04-69,26:00,5.5,55
Episode 1,6,35,19-04-69,00:00,5,58
Episode 10,6,36,21-06-69,23:00,6.3,54
Episode 2,6,37,26-04-69,00:00,5.1,53
Episode 3,6,38,03-05-69,30:00,5.7,50
Episode 4,6,39,10-05-69,30:00,5.1,53
Episode 5,6,40,17-05-69,30:00,4.2,53
Episode 6,6,41,24-05-69,53:00,4.9,53
Episode 7,6,42,31-05-69,28:00,3.5,53
Episode 8,6,43,07-06-69,37:00,4.1,57
Episode 9,6,44,14-06-69,34:00,8.4,54
Episode 1,7,1,03-01-70,38:00,8.1,0
Episode 2,7,2,10-01-70,21:00,8.3,0
Episode 3,7,3,17-01-70,16:00,8.1,57
Episode 4,7,4,24-01-70,47:00,8.8,58
Episode 1,7,5,31-01-70,15:00,7.3,58
Episode 2,7,6,07-02-70,08:00,7.5,57
Episode 3,7,7,14-02-70,16:00,8.2,60
Episode 4,7,8,21-02-70,00:00,7.5,58
Episode 5,7,9,28-02-70,58:00,7.2,57
Episode 6,7,10,07-03-70,15:00,7.5,58
Episode 7,7,11,14-03-70,55:00,7.1,60
Episode 1,7,12,21-03-70,33:00,7.6,61
Episode 2,7,13,28-03-70,39:00,8,59
Episode 3,7,14,04-04-70,38:00,9.3,58
Episode 4,7,15,11-04-70,37:00,7.1,0
Episode 5,8,1,18-04-70,17:00,6.9,61
Episode 6,8,2,25-04-70,31:00,6.4,62
Episode 7,8,3,02-05-70,32:00,5.7,61
Episode 1,8,4,09-05-70,21:00,5.9,61
Episode 2,8,5,16-05-70,04:00,4.8,60
Episode 3,8,6,23-05-70,34:00,6,60
Episode 4,8,7,30-05-70,57:00,5.4,0
Episode 5,8,8,06-06-70,42:00,6.7,58
Episode 6,8,9,13-06-70,32:00,5.5,60
Episode 7,8,10,20-06-70,33:00,7.3,0
Episode 1,8,11,02-01-71,36:00,8,0
Episode 2,8,12,09-01-71,48:00,8.1,0
Episode 3,8,13,16-01-71,28:00,8.4,0
Episode 4,8,14,23-01-71,10:00,6.1,0
Episode 1,8,15,30-01-71,39:00,8.8,0
Episode 2,8,16,06-02-71,31:00,7.5,0
Episode 3,8,17,13-02-71,30:00,7.4,0
Episode 4,8,18,20-02-71,40:00,7.6,0
Episode 5,8,19,27-02-71,34:00,7.3,0
Episode 6,8,20,06-03-71,48:00,7.3,0
Episode 1,8,21,13-03-71,51:00,8,0
Episode 2,8,22,20-03-71,00:00,6.4,0
Episode 3,8,23,27-03-71,05:00,7.8,0
Episode 4,8,24,03-04-71,16:00,7.6,0
Episode 1,8,25,10-04-71,19:00,8.5,0
Episode 2,9,1,17-04-71,43:00,9.5,0
Episode 3,9,2,24-04-71,47:00,8.1,0
Episode 4,9,3,01-05-71,20:00,8.8,0
Episode 5,9,4,08-05-71,22:00,8.7,0
Episode 6,9,5,15-05-71,22:00,9.2,0
Episode 1,9,6,22-05-71,05:00,8,0
Episode 2,9,7,29-05-71,20:00,8.1,0
Episode 3,9,8,05-06-71,27:00,8.1,0
Episode 4,9,9,12-06-71,25:00,8.3,0
Episode 5,9,10,19-06-71,04:00,9.8,0
Episode 1,9,11,01-01-72,36:00,10.4,0
Episode 2,9,12,08-01-72,52:00,9.1,0
Episode 3,9,13,15-01-72,18:00,9.1,0
Episode 4,9,14,22-01-72,17:00,10.3,0
Episode 1,9,15,29-01-72,32:00,11,0
Episode 2,9,16,05-02-72,33:00,7.8,0
Episode 3,9,17,12-02-72,21:00,8.4,0
Episode 4,9,18,19-02-72,16:00,6.4,0
Episode 1,9,19,26-02-72,40:00,9.7,0
Episode 2,9,20,04-03-72,30:00,8.3,0
Episode 3,9,21,11-03-72,05:00,7.8,0
Episode 4,9,22,18-03-72,21:00,8.3,0
Episode 5,9,23,25-03-72,53:00,8.5,0
Episode 6,9,24,01-04-72,24:00,9.1,0
Episode 1,9,25,08-04-72,25:00,7.8,0
Episode 2,9,26,15-04-72,24:00,7.9,0
Episode 3,9,27,22-04-72,32:00,7.5,0
Episode 4,9,28,29-04-72,00:00,7.9,0
Episode 5,9,29,06-05-72,37:00,6.5,0
Episode 6,9,30,13-05-72,43:00,7.6,0
Episode 1,9,31,20-05-72,04:00,7.4,0
Episode 2,9,32,27-05-72,05:00,8.1,0
Episode 3,9,33,03-06-72,59:00,7.6,0
Episode 4,9,34,10-06-72,55:00,6,0
Episode 5,9,35,17-06-72,29:00,7.6,0
Episode 6,9,36,24-06-72,55:00,9.6,0
Episode 1,10,1,30-12-72,39:00,10.8,0
Episode 2,10,2,06-01-73,18:00,8.8,0
Episode 3,10,3,13-01-73,22:00,11.9,0
Episode 4,10,4,20-01-73,07:00,9.5,0
Episode 1,10,5,27-01-73,46:00,9,0
Episode 2,10,6,03-02-73,11:00,9,0
Episode 3,10,7,10-02-73,49:00,9.2,0
Episode 4,10,8,17-02-73,10:00,9.1,0
Episode 1,10,9,24-02-73,27:00,7.8,0
Episode 2,10,10,03-03-73,10:00,7.5,0
Episode 3,10,11,10-03-73,00:00,7.1,0
Episode 4,10,12,17-03-73,35:00,7.7,0
Episode 5,10,13,24-03-73,57:00,8.9,0
Episode 6,10,14,31-03-73,44:00,11,0
Episode 1,10,15,07-04-73,51:00,10.7,0
Episode 2,10,16,14-04-73,08:00,10.1,0
Episode 3,10,17,21-04-73,34:00,8.3,0
Episode 4,10,18,28-04-73,36:00,9.7,0
Episode 5,10,19,05-05-73,31:00,8.5,0
Episode 6,10,20,12-05-73,02:00,9.2,0
Episode 1,10,21,19-05-73,55:00,7.2,0
Episode 2,10,22,26-05-73,56:00,7.8,0
Episode 3,10,23,02-06-73,12:00,6.8,0
Episode 4,10,24,09-06-73,47:00,8.3,0
Episode 5,10,25,16-06-73,20:00,7,0
Episode 6,10,26,23-06-73,06:00,8.7,59
Part One,11,1,15-12-73,15:00,7,0
Part Two,11,2,22-12-73,10:00,6.6,0
Part Three,11,3,29-12-73,30:00,10.6,60
Part Four,11,4,05-01-74,57:00,11,62
Part One,11,5,12-01-74,29:00,10.1,0
Part Two,11,6,19-01-74,43:00,11,63
Part Three,11,7,26-01-74,26:00,9,0
Part Four,11,8,02-02-74,33:00,9,0
Part Five,11,9,09-02-74,30:00,7.5,62
Part Six,11,10,16-02-74,34:00,8.1,61
Part One,11,11,23-02-74,32:00,9.5,0
Part Two,11,12,02-03-74,25:00,10.5,61
Part Three,11,13,09-03-74,24:00,9.5,62
Part Four,11,14,16-03-74,35:00,9.2,0
Part One,11,15,23-03-74,59:00,6.8,0
Part Two,11,16,30-03-74,26:00,7.4,0
Part Three,11,17,06-04-74,47:00,7.2,0
Part Four,11,18,13-04-74,50:00,7.5,0
Part Five,11,19,20-04-74,56:00,8.1,0
Part Six,11,20,27-04-74,48:00,10.1,0
Part One,11,21,04-05-74,40:00,8.9,0
Part Two,11,22,11-05-74,02:00,8.8,0
Part Three,11,23,18-05-74,58:00,8.2,0
Part Four,11,24,25-05-74,53:00,9.2,0
Part Five,11,25,01-06-74,01:00,8.9,0
Part Six,11,26,08-06-74,43:00,10.8,53
Part One,12,1,28-12-74,11:00,10.7,53
Part Two,12,2,04-01-75,00:00,10.1,0
Part Three,12,3,11-01-75,29:00,9,51
Part Four,12,4,18-01-75,29:00,9.4,0
Part One,12,5,25-01-75,58:00,13.6,0
Part Two,12,6,01-02-75,49:00,11.2,0
Part Three,12,7,08-02-75,05:00,10.2,0
Part Four,12,8,15-02-75,37:00,11,0
Part One,12,9,22-02-75,27:00,10.5,55
Part Two,12,10,01-03-75,00:00,10.7,0
Part One,12,11,08-03-75,30:00,10.5,57
Part Two,12,12,15-03-75,51:00,8.5,0
Part Three,12,13,22-03-75,38:00,8.8,58
Part Four,12,14,29-03-75,38:00,9.8,57
Part Five,12,15,05-04-75,27:00,9.1,56
Part Six,12,16,12-04-75,30:00,9.5,57
Part One,12,17,19-04-75,19:00,8.3,0
Part Two,12,18,26-04-75,24:00,8.9,0
Part Three,12,19,03-05-75,32:00,9.4,58
Part Four,12,20,10-05-75,21:00,8.4,59
Part One,13,1,30-08-75,41:00,6.1,0
Part Two,13,2,06-09-75,08:00,8.2,54
Part Three,13,3,13-09-75,09:00,7.2,0
Part Four,13,4,20-09-75,22:00,10.4,0
Part One,13,5,27-09-75,02:00,9.9,56
Part Two,13,6,04-10-75,30:00,9.1,57
Part Three,13,7,11-10-75,50:00,10.1,54
Part Four,13,8,18-10-75,43:00,10.5,0
Part One,13,9,25-10-75,22:00,11.3,0
Part Two,13,10,01-11-75,53:00,9.4,0
Part Three,13,11,08-11-75,32:00,11.7,60
Part Four,13,12,15-11-75,52:00,11.9,58
Part One,13,13,22-11-75,21:00,11.3,0
Part Two,13,14,29-11-75,30:00,12.1,0
Part Three,13,15,06-12-75,50:00,11.4,0
Part Four,13,16,13-12-75,30:00,9.5,0
Part One,13,17,03-01-76,25:00,9.3,0
Part Two,13,18,10-01-76,46:00,10.1,0
Part Three,13,19,17-01-76,07:00,10.2,60
Part Four,13,20,24-01-76,18:00,11.4,59
Part One,13,21,31-01-76,10:00,11.4,0
Part Two,13,22,07-02-76,09:00,10.3,0
Part Three,13,23,14-02-76,51:00,11.1,0
Part Four,13,24,21-02-76,26:00,9.9,0
Part Five,13,25,28-02-76,06:00,11.5,0
Part Six,13,26,06-03-76,51:00,8.3,58
Part One,14,1,04-09-76,31:00,9.8,56
Part Two,14,2,11-09-76,44:00,9.2,0
Part Three,14,3,18-09-76,34:00,10.6,56
Part Four,14,4,25-09-76,45:00,10.5,0
Part One,14,5,02-10-76,50:00,10.2,0
Part Two,14,6,09-10-76,48:00,11.1,62
Part Three,14,7,16-10-76,22:00,12,0
Part Four,14,8,23-10-76,00:00,11.8,0
Part One,14,9,30-10-76,13:00,12.1,59
Part Two,14,10,06-11-76,44:00,13,0
Part Three,14,11,13-11-76,24:00,11.8,61
Part Four,14,12,20-11-76,23:00,10.7,61
Part One,14,13,01-01-77,58:00,11.1,0
Part Two,14,14,08-01-77,58:00,11.3,59
Part Three,14,15,15-01-77,40:00,11.7,60
Part Four,14,16,22-01-77,46:00,12.8,62
Part One,14,17,29-01-77,06:00,12.4,0
Part Two,14,18,05-02-77,15:00,13.1,0
Part Three,14,19,12-02-77,51:00,12.6,57
Part Four,14,20,19-02-77,42:00,11.3,0
Part One,14,21,26-02-77,44:00,9.8,0
Part Two,14,22,05-03-77,26:00,10.2,0
Part Three,14,23,12-03-77,56:00,11.4,60
Part Four,14,24,19-03-77,30:00,10.1,0
Part Five,14,25,26-03-77,49:00,9.3,58
Part Six,14,26,02-04-77,26:00,6.8,58
Part One,15,1,03-09-77,10:00,7.1,0
Part Two,15,2,10-09-77,10:00,9.8,60
Part Three,15,3,17-09-77,12:00,9.9,57
Part Four,15,4,24-09-77,49:00,8.6,0
Part One,15,5,01-10-77,09:00,7.3,0
Part Two,15,6,08-10-77,13:00,7.5,0
Part Three,15,7,15-10-77,28:00,8.3,0
Part Four,15,8,22-10-77,22:00,6.7,0
Part One,15,9,29-10-77,38:00,7.5,0
Part Two,15,10,05-11-77,44:00,7.9,0
Part Three,15,11,12-11-77,22:00,9.1,61
Part Four,15,12,19-11-77,32:00,8.5,0
Part One,15,13,26-11-77,59:00,9.5,0
Part Two,15,14,03-12-77,57:00,8.9,68
Part Three,15,15,10-12-77,57:00,8.4,59
Part Four,15,16,17-12-77,57:00,8.9,65
Part One,15,17,07-01-78,36:00,9.1,0
Part Two,15,18,14-01-78,27:00,8.9,0
Part Three,15,19,21-01-78,21:00,11.7,0
Part Four,15,20,28-01-78,53:00,11.2,56
Part One,15,21,04-02-78,00:00,11.4,0
Part Two,15,22,11-02-78,00:00,9.5,0
Part Three,15,23,18-02-78,00:00,10.9,0
Part Four,15,24,25-02-78,31:00,10.3,0
Part Five,15,25,04-03-78,00:00,9.8,0
Part Six,15,26,11-03-78,44:00,8.3,59
Part One,16,1,02-09-78,02:00,8.1,0
Part Two,16,2,09-09-78,46:00,7.9,0
Part Three,16,3,16-09-78,42:00,8.2,67
Part Four,16,4,23-09-78,50:00,9.1,61
Part One,16,5,30-09-78,05:00,7.4,0
Part Two,16,6,07-10-78,30:00,8.2,64
Part Three,16,7,14-10-78,47:00,8.4,64
Part Four,16,8,21-10-78,16:00,8.6,0
Part One,16,9,28-10-78,20:00,6.6,0
Part Two,16,10,04-11-78,53:00,9.3,0
Part Three,16,11,11-11-78,27:00,7.6,67
Part Four,16,12,18-11-78,07:00,9.5,0
Part One,16,13,25-11-78,53:00,10.1,65
Part Two,16,14,02-12-78,27:00,8.9,0
Part Three,16,15,09-12-78,52:00,9,66
Part Four,16,16,16-12-78,49:00,6.5,0
Part One,16,17,23-12-78,16:00,12.4,0
Part Two,16,18,30-12-78,57:00,8.9,0
Part Three,16,19,06-01-79,56:00,9.9,63
Part Four,16,20,13-01-79,58:00,7.5,65
Part One,16,21,20-01-79,39:00,8.8,0
Part Two,16,22,27-01-79,56:00,7.8,0
Part Three,16,23,03-02-79,03:00,8.6,0
Part Four,16,24,10-02-79,09:00,8.6,0
Part Five,16,25,17-02-79,42:00,9.6,66
Part Six,16,26,24-02-79,09:00,13,67
Episode One,17,1,01-09-79,03:00,12.7,0
Episode Two,17,2,08-09-79,14:00,13.8,63
Episode Three,17,3,15-09-79,32:00,14.4,64
Episode Four,17,4,22-09-79,05:00,12.4,0
Part One,17,5,29-09-79,25:00,14.1,64
Part Two,17,6,06-10-79,33:00,15.4,0
Part Three,17,7,13-10-79,25:00,16.1,64
Part Four,17,8,20-10-79,08:00,9.3,0
Part One,17,9,27-10-79,32:00,10.8,67
Part Two,17,10,03-11-79,03:00,10.2,0
Part Three,17,11,10-11-79,55:00,9.6,0
Part Four,17,12,17-11-79,07:00,8.7,0
Part One,17,13,24-11-79,17:00,9.6,0
Part Two,17,14,01-12-79,44:00,9.6,0
Part Three,17,15,08-12-79,06:00,9.4,65
Part Four,17,16,15-12-79,31:00,6,0
Part One,17,17,22-12-79,41:00,8.8,0
Part Two,17,18,29-12-79,00:00,9.8,0
Part Three,17,19,05-01-80,26:00,10.4,67
Part Four,17,20,12-01-80,45:00,0,0
Part One,17,21,01-01-00,34:00,0,0
Part Two,17,22,01-01-00,56:00,0,0
Part Three,17,23,01-01-00,29:00,0,0
Part Four,17,24,01-01-00,43:00,0,0
Part Five,17,25,01-01-00,11:00,0,0
Part Six,17,26,01-01-00,43:00,5.9,0
Part One,18,1,30-08-80,33:00,5,0
Part Two,18,2,06-09-80,45:00,5,0
Part Three,18,3,13-09-80,21:00,4.5,65
Part Four,18,4,20-09-80,19:00,5,61
Part One,18,5,27-09-80,43:00,4.2,64
Part Two,18,6,04-10-80,24:00,4.7,0
Part Three,18,7,11-10-80,19:00,4.7,63
Part Four,18,8,18-10-80,30:00,5.9,0
Part One,18,9,25-10-80,23:00,3.7,0
Part Two,18,10,01-11-80,11:00,5.9,0
Part Three,18,11,08-11-80,00:00,5.4,65
Part Four,18,12,15-11-80,16:00,5.8,0
Part One,18,13,22-11-80,24:00,5.3,0
Part Two,18,14,29-11-80,16:00,4.4,0
Part Three,18,15,06-12-80,13:00,5.4,69
Part Four,18,16,13-12-80,54:00,7.1,59
Part One,18,17,03-01-81,54:00,6.7,0
Part Two,18,18,10-01-81,47:00,8.3,0
Part Three,18,19,17-01-81,15:00,7.8,59
Part Four,18,20,24-01-81,53:00,7.6,0
Part One,18,21,31-01-81,05:00,6.1,0
Part Two,18,22,07-02-81,50:00,5.2,0
Part Three,18,23,14-02-81,49:00,6.1,63
Part Four,18,24,21-02-81,11:00,7.7,0
Part One,18,25,28-02-81,32:00,7.7,61
Part Two,18,26,07-03-81,03:00,5.8,0
Part Three,18,27,14-03-81,32:00,6.1,65
Part Four,18,28,21-03-81,10:00,9.1,0
Part One,19,1,04-01-82,14:00,8.6,0
Part Two,19,2,05-01-82,13:00,10.2,0
Part Three,19,3,11-01-82,35:00,10.4,0
Part Four,19,4,12-01-82,12:00,8.4,0
Part One,19,5,18-01-82,36:00,8.8,0
Part Two,19,6,19-01-82,11:00,8.9,0
Part Three,19,7,25-01-82,09:00,9.4,0
Part Four,19,8,26-01-82,53:00,8.4,0
Part One,19,9,01-02-82,50:00,9.4,0
Part Two,19,10,02-02-82,58:00,8.5,0
Part Three,19,11,08-02-82,17:00,8.9,0
Part Four,19,12,09-02-82,28:00,9.1,0
Part One,19,13,15-02-82,11:00,9.3,0
Part Two,19,14,16-02-82,26:00,9.9,0
Part Three,19,15,22-02-82,24:00,10.1,0
Part Four,19,16,23-02-82,32:00,9.9,0
Part One,19,17,01-03-82,56:00,10.1,0
Part Two,19,18,02-03-82,41:00,9.1,0
Part One,19,19,08-03-82,22:00,8.8,0
Part Two,19,20,09-03-82,23:00,9.8,0
Part Three,19,21,15-03-82,24:00,9.6,0
Part Four,19,22,16-03-82,28:00,10,0
Part One,19,23,22-03-82,56:00,8.5,0
Part Two,19,24,23-03-82,58:00,8.9,0
Part Three,19,25,29-03-82,29:00,8.1,0
Part Four,19,26,30-03-82,30:00,7.2,69
Part One,20,1,03-01-83,37:00,7.3,70
Part Two,20,2,05-01-83,42:00,6.9,67
Part Three,20,3,11-01-83,37:00,7.2,66
Part Four,20,4,12-01-83,28:00,6.7,65
Part One,20,5,18-01-83,26:00,7.7,66
Part Two,20,6,19-01-83,35:00,6.6,67
Part Three,20,7,25-01-83,29:00,7.4,67
Part Four,20,8,26-01-83,29:00,6.5,67
Part One,20,9,01-02-83,03:00,7.5,70
Part Two,20,10,02-02-83,33:00,7.4,67
Part Three,20,11,08-02-83,32:00,7.7,68
Part Four,20,12,09-02-83,33:00,6.8,65
Part One,20,13,15-02-83,58:00,7.5,67
Part Two,20,14,16-02-83,40:00,6.5,64
Part Three,20,15,22-02-83,39:00,7.4,67
Part Four,20,16,23-02-83,49:00,6.6,67
Part One,20,17,01-03-83,12:00,7.2,65
Part Two,20,18,02-03-83,23:00,6.2,68
Part Three,20,19,08-03-83,38:00,7.3,70
Part Four,20,20,09-03-83,34:00,5.8,65
Part One,20,21,15-03-83,48:00,7.2,63
Part Two,20,22,16-03-83,27:00,7.7,75
The Five Doctors,21,1,25-11-83,23:00,7.6,65
Part One,21,2,05-01-84,48:00,7.5,64
Part Two,21,3,06-01-84,04:00,7.3,62
Part Three,21,4,12-01-84,02:00,6.6,65
Part Four,21,5,13-01-84,48:00,7.9,65
Part One,21,6,19-01-84,18:00,6.6,63
Part Two,21,7,20-01-84,47:00,8,66
Part One,21,8,26-01-84,39:00,5.8,69
Part Two,21,9,27-01-84,35:00,7.8,65
Part Three,21,10,02-02-84,30:00,5.6,65
Part Four,21,11,03-02-84,26:00,7.3,69
Part One,21,12,08-02-84,24:00,8,65
Part Two,21,13,15-02-84,52:00,7.4,0
Part One,21,14,23-02-84,26:00,6.1,0
Part Two,21,15,24-02-84,20:00,7.4,0
Part Three,21,16,01-03-84,57:00,7,0
Part Four,21,17,02-03-84,44:00,6.9,65
Part One,21,18,08-03-84,33:00,6.6,0
Part Two,21,19,09-03-84,00:00,7.8,65
Part Three,21,20,15-03-84,36:00,7.8,68
Part Four,21,21,16-03-84,37:00,7.6,61
Part One,21,22,22-03-84,42:00,7.4,66
Part Two,21,23,23-03-84,09:00,7,59
Part Three,21,24,29-03-84,27:00,6.3,67
Part Four,22,1,30-03-84,04:00,8.9,61
Part One,22,2,05-01-85,17:00,7.2,65
Part Two,22,3,12-01-85,29:00,7.2,63
Part One,22,4,19-01-85,46:00,7,65
Part Two,22,5,26-01-85,46:00,6.3,64
Part One,22,6,02-02-85,01:00,7.3,64
Part Two,22,7,09-02-85,32:00,6.6,65
Part One,22,8,16-02-85,22:00,6,62
Part Two,22,9,23-02-85,49:00,6.9,65
Part Three,22,10,02-03-85,45:00,6.7,66
Part One,22,11,09-03-85,00:00,7.4,64
Part Two,22,12,16-03-85,36:00,7.4,67
Part One,23,1,23-03-85,31:00,7.7,65
Part Two,23,2,30-03-85,27:00,4.9,72
Part One,23,3,06-09-86,57:00,4.9,69
Part Two,23,4,13-09-86,44:00,3.9,70
Part Three,23,5,20-09-86,18:00,3.7,72
Part Four,23,6,27-09-86,20:00,4.8,71
Part Five,23,7,04-10-86,42:00,4.6,69
Part Six,23,8,11-10-86,45:00,5.1,66
Part Seven,23,9,18-10-86,33:00,5,72
Part Eight,23,10,25-10-86,44:00,5.2,66
Part Nine,23,11,01-11-86,56:00,4.6,69
Part Ten,23,12,08-11-86,18:00,5.3,69
Part Eleven,23,13,15-11-86,07:00,5.3,69
Part Twelve,23,14,22-11-86,45:00,4.4,69
Part Thirteen,24,1,29-11-86,42:00,5.6,69
Part Fourteen,24,2,06-12-86,30:00,5.1,58
Part One,24,3,07-09-87,44:00,4.2,63
Part Two,24,4,14-09-87,36:00,4.3,57
Part Three,24,5,21-09-87,23:00,4.9,59
Part Four,24,6,28-09-87,38:00,4.5,61
Part One,24,7,05-10-87,33:00,5.2,58
Part Two,24,8,12-10-87,39:00,5,58
Part Three,24,9,19-10-87,30:00,5,57
Part Four,24,10,26-10-87,21:00,5.3,63
Part One,24,11,02-11-87,47:00,5.1,60
Part Two,24,12,09-11-87,23:00,5.4,60
Part Three,24,13,16-11-87,22:00,5.5,61
Part One,24,14,23-11-87,01:00,5,61
Part Two,24,15,30-11-87,40:00,4.7,64
Part Three,25,1,07-12-87,26:00,5.5,68
Part One,25,2,05-10-88,33:00,5.8,69
Part Two,25,3,12-10-88,31:00,5.1,70
Part Three,25,4,19-10-88,30:00,5,72
Part Four,25,5,26-10-88,36:00,5.3,67
Part One,25,6,02-11-88,51:00,4.6,65
Part Two,25,7,09-11-88,48:00,5.3,65
Part Three,25,8,16-11-88,25:00,6.1,71
Part One,25,9,23-11-88,31:00,5.2,70
Part Two,25,10,30-11-88,12:00,5.2,70
Part Three,25,11,07-12-88,36:00,5,68
Part One,25,12,14-12-88,23:00,5.3,66
Part Two,25,13,21-12-88,20:00,4.8,69
Part Three,25,14,28-12-88,30:00,6.6,64
Part Four,26,1,04-01-89,24:00,3.1,69
Part One,26,2,06-09-89,06:00,3.9,68
Part Two,26,3,13-09-89,07:00,3.6,67
Part Three,26,4,20-09-89,13:00,4,65
Part Four,26,5,27-09-89,14:00,4.2,68
Part One,26,6,04-10-89,17:00,4,68
Part Two,26,7,11-10-89,18:00,4,64
Part Three,26,8,18-10-89,17:00,4.3,67
Part One,26,9,25-10-89,23:00,4,68
Part Two,26,10,01-11-89,09:00,4,68
Part Three,26,11,08-11-89,11:00,4.2,68
Part Four,26,12,15-11-89,16:00,5,69
Part One,26,13,22-11-89,14:00,4.8,69
Part Two,26,14,29-11-89,13:00,5,71
Part Three,27,1,06-12-89,20:00,9.08,75
Doctor Who,27,2,27-05-96,23:00,10.81,81
Rose,27,3,26-03-05,23:00,7.97,79
The End of the World,27,4,02-04-05,23:00,8.86,80
The Unquiet Dead,27,5,09-04-05,23:00,7.63,81
Aliens of London,27,6,16-04-05,23:00,7.98,82
World War Three,27,7,23-04-05,23:00,8.63,84
Dalek,27,8,30-04-05,23:00,8.01,81
The Long Game,27,9,07-05-05,23:00,8.06,83
Father's Day,27,10,14-05-05,23:00,7.11,84
The Empty Child,27,11,21-05-05,23:00,6.86,85
The Doctor Dances,27,12,28-05-05,23:00,7.68,82
Boom Town,27,13,04-06-05,23:00,6.81,85
Bad Wolf,27,14,11-06-05,23:00,6.91,89
The Parting of the Ways,27,15,18-06-05,23:00,9.84,84
The Christmas Invasion,27,16,25-12-05,23:00,8.62,85
New Earth,28,1,15-04-06,23:00,9.24,83
Tooth and Claw,28,2,22-04-06,23:00,8.31,85
School Reunion,28,3,29-04-06,23:00,7.9,84
The Girl in the Fireplace,28,4,06-05-06,23:00,9.22,86
Rise of the Cybermen,28,5,13-05-06,23:00,7.63,86
The Age of Steel,28,6,20-05-06,23:00,6.76,84
The Idiot's Lantern,28,7,27-05-06,23:00,6.32,85
The Impossible Planet,28,8,03-06-06,23:00,6.08,86
The Satan Pit,28,9,10-06-06,23:00,6.66,76
Love & Monsters,28,10,17-06-06,23:00,7.14,83
Fear Her,28,11,24-06-06,23:00,8.19,86
Army of Ghosts,28,12,01-07-06,23:00,8.22,89
Doomsday,28,13,08-07-06,23:00,9.35,84
The Runaway Bride,29,1,25-12-06,23:00,8.71,88
Smith and Jones,29,2,31-03-07,23:00,7.23,87
The Shakespeare Code,29,3,07-04-07,23:00,8.41,85
Gridlock,29,4,14-04-07,23:00,6.69,86
Daleks in Manhattan,29,5,21-04-07,23:00,6.97,85
Evolution of the Daleks,29,6,28-04-07,23:00,7.19,86
The Lazarus Experiment,29,7,05-05-07,23:00,7.41,85
42,29,8,19-05-07,23:00,7.74,86
Human Nature,29,9,26-05-07,23:00,7.21,86
The Family of Blood,29,10,02-06-07,23:00,6.62,87
Blink,29,11,09-06-07,23:00,7.84,87
Utopia,29,12,16-06-07,23:00,7.51,87
The Sound of Drums,29,13,23-06-07,23:00,8.61,88
Last of the Time Lords,29,14,30-06-07,23:00,13.31,86
Voyage of the Damned,30,1,25-12-07,23:00,9.14,88
Partners in Crime,30,2,05-04-08,23:00,9.04,87
The Fires of Pompeii,30,3,12-04-08,23:00,7.5,87
Planet of the Ood,30,4,19-04-08,23:00,7.06,87
The Sontaran Stratagem,30,5,26-04-08,23:00,6.53,88
The Poison Sky,30,6,03-05-08,23:00,7.33,88
The Doctor's Daughter,30,7,10-05-08,23:00,8.41,86
The Unicorn and the Wasp,30,8,17-05-08,23:00,6.27,89
Silence in the Library,30,9,31-05-08,23:00,7.84,89
Forest of the Dead,30,10,07-06-08,23:00,8.05,86
Midnight,30,11,14-06-08,23:00,8.09,88
Turn Left,30,12,21-06-08,23:00,8.78,91
The Stolen Earth,30,13,28-06-08,23:00,10.57,91
Journey's End,30,14,05-07-08,23:00,13.1,86
The Next Doctor,special,1,25-12-08,23:00,9.75,88
Planet of the Dead,special,2,11-04-09,23:00,10.32,88
The Waters of Mars,special,3,15-11-09,23:00,12.04,87
The End of Time - Part One,special,4,25-12-09,23:00,12.27,89
The End of Time - Part Two,special,5,01-01-10,23:00,10.09,86
The Eleventh Hour,31,1,03-04-10,23:00,8.42,86
The Beast Below,31,2,10-04-10,23:00,8.21,84
Victory of the Daleks,31,3,17-04-10,23:00,8.59,87
The Time of Angels,31,4,24-04-10,23:00,8.5,86
Flesh and Stone,31,5,01-05-10,23:00,7.68,86
The Vampires of Venice,31,6,08-05-10,23:00,7.55,84
Amy's Choice,31,7,15-05-10,23:00,6.49,86
The Hungry Earth,31,8,22-05-10,23:00,7.49,85
Cold Blood,31,9,29-05-10,23:00,6.76,86
Vincent and the Doctor,31,10,05-06-10,23:00,6.44,87
The Lodger,31,11,12-06-10,23:00,7.57,88
The Pandorica Opens,31,12,19-06-10,23:00,6.7,89
The Big Bang,31,13,26-06-10,23:00,12.11,83
A Christmas Carol,32,1,25-12-10,23:00,8.86,88
The Impossible Astronaut,32,2,23-04-11,23:00,7.3,87
Day of the Moon,32,3,30-04-11,23:00,7.85,86
The Curse of the Black Spot,32,4,07-05-11,23:00,7.97,87
The Doctor's Wife,32,5,14-05-11,23:00,7.35,85
The Rebel Flesh,32,6,21-05-11,23:00,6.72,86
The Almost People,32,7,28-05-11,23:00,7.51,88
A Good Man Goes to War,32,8,04-06-11,23:00,8.1,85
Let's Kill Hitler,32,9,27-08-11,23:00,7.07,86
Night Terrors,32,10,03-09-11,23:00,7.6,85
The Girl Who Waited,32,11,10-09-11,23:00,6.77,86
The God Complex,32,12,17-09-11,23:00,6.93,86
Closing Time,32,13,24-09-11,23:00,7.67,86
The Wedding of River Song,32,14,01-10-11,23:00,10.77,84
"The Doctor, the Widow and the Wardrobe",33,1,25-12-11,23:00,8.33,89
Asylum of the Daleks,33,2,01-09-12,23:00,7.57,87
Dinosaurs on a Spaceship,33,3,08-09-12,23:00,8.42,85
A Town Called Mercy,33,4,15-09-12,23:00,7.67,87
The Power of Three,33,5,22-09-12,23:00,7.82,88
The Angels Take Manhattan,33,6,29-09-12,23:00,9.87,87
The Snowmen,33,7,25-12-12,23:00,8.44,87
The Bells of Saint John,33,8,30-03-13,23:00,7.45,84
The Rings of Akhaten,33,9,06-04-13,23:00,7.37,84
Cold War,33,10,13-04-13,23:00,6.61,85
Hide,33,11,20-04-13,23:00,6.5,85
Journey to the Centre of the TARDIS,33,12,27-04-13,23:00,6.47,85
The Crimson Horror,33,13,04-05-13,23:00,6.64,84
Nightmare in Silver,33,14,11-05-13,23:00,7.45,88
The Name of the Doctor,33,15,18-05-13,23:00,12.8,88
The Day of the Doctor,special,1,23-11-13,23:00,11.14,83
The Time of the Doctor,special,2,25-12-13,23:00,9.17,82
Deep Breath,34,1,23-08-14,23:00,7.29,84
Into the Dalek,34,2,30-08-14,23:00,7.28,82
Robot of Sherwood,34,3,06-09-14,23:00,7.01,82
Listen,34,4,13-09-14,23:00,6.99,84
Time Heist,34,5,20-09-14,23:00,6.82,83
The Caretaker,34,6,27-09-14,23:00,6.91,82
Kill the Moon,34,7,04-10-14,23:00,7.11,85
Mummy on the Orient Express,34,8,11-10-14,23:00,6.71,85
Flatline,34,9,18-10-14,23:00,6.92,83
In the Forest of the Night,34,10,25-10-14,23:00,7.34,85
Dark Water,34,11,01-11-14,23:00,7.6,83
Death in Heaven,34,12,08-11-14,23:00,8.28,82
Last Christmas,35,1,25-12-14,23:00,6.54,84
The Magician's Apprentice,35,2,19-09-15,23:00,5.71,83
The Witch's Familiar,35,3,26-09-15,23:00,5.63,84
Under the Lake,35,4,03-10-15,23:00,6.05,83
Before the Flood,35,5,10-10-15,23:00,6.56,82
The Girl Who Died,35,6,17-10-15,23:00,6.11,81
The Woman Who Lived,35,7,24-10-15,23:00,5.76,82
The Zygon Invasion,35,8,31-10-15,23:00,6.03,84
The Zygon Inversion,35,9,07-11-15,23:00,5.61,78
Sleep No More,35,10,14-11-15,23:00,6.05,84
Face the Raven,35,11,21-11-15,23:00,6.19,80
Heaven Sent,35,12,28-11-15,23:00,6.17,82
Hell Bent,35,13,05-12-15,23:00,7.69,82
The Husbands of River Song,35,14,25-12-15,23:00,7.83,82
The Return of Doctor Mysterio,36,1,25-12-16,23:00,0,0
Dr. Who and the Daleks,36,2,23-08-65,23:00,0,0
Daleks -- Invasion Earth: 2150 A.D.,36,3,05-08-66,23:00,6.68,83
The Pilot,36,4,15-04-17,23:00,5.97,83
Smile,36,5,22-04-17,23:00,5.61,84
Thin Ice,36,6,29-04-17,23:00,5.73,83
Knock Knock,36,7,06-05-17,23:00,5.27,83
Oxygen,36,8,13-05-17,23:00,5.53,82
Extremis,36,9,20-05-17,23:00,5.79,82
The Pyramid at the End of the World,36,10,27-05-17,23:00,4.82,82
The Lie of the Land,36,11,03-06-17,23:00,5.02,83
Empress of Mars,36,12,10-06-17,23:00,4.73,81
The Eaters of Light,36,13,17-06-17,23:00,5,85
World Enough and Time,36,14,24-06-17,23:00,5.3,83
The Doctor Falls,36,15,01-07-17,23:00,7.92,81
Twice Upon a Time,36,16,25-12-17,23:00,10.96,83
The Woman Who Fell to Earth,37,1,07-10-18,23:00,9,82
The Ghost Monument,37,2,14-10-18,23:00,8.41,83
Rosa,37,3,21-10-18,23:00,8.22,83
Arachnids in the UK,37,4,28-10-18,23:00,7.76,79
The Tsuranga Conundrum,37,5,04-11-18,23:00,7.48,80
Demons of the Punjab,37,6,11-11-18,23:00,7.46,81
Kerblam!,37,7,18-11-18,23:00,7.21,81
The Witchfinders,37,8,25-11-18,23:00,6.42,80
It Takes You Away,37,9,02-12-18,23:00,6.65,79
The Battle of Ranskoor Av Kolos,37,10,09-12-18,23:00,7.13,80
Resolution,37,11,01-01-19,23:00,7.1,80
Spyfall - Part One,38,1,01-01-20,23:00,6.89,82
Spyfall - Part Two,38,2,05-01-20,23:00,6.07,82
Orphan 55,38,3,12-01-20,23:00,5.38,77
Nikola Tesla's Night of Terror,38,4,19-01-20,23:00,5.2,79
Fugitive of the Judoon,38,5,26-01-20,23:00,5.57,83
Praxeus,38,6,02-02-20,23:00,5.22,78
Can you hear me?,38,7,09-02-20,23:00,4.9,78
The Haunting of Villa Diodati,38,8,16-02-20,23:00,5.07,80
Ascension of the Cybermen,38,9,23-02-20,23:00,4.99,81
The Timeless Children,38,10,01-03-20,23:00,4.69,82
Revolution of the Daleks,38,11,01-01-21,23:00,6.36,79
The Halloween Apocalypse,39,1,31-10-21,23:00,5.81,76
War of Sontarans,39,2,07-11-21,23:00,5.13,77
"Once, Upon Time",39,3,14-11-21,23:00,4.7,75
Village of the Angels,39,4,21-11-21,23:00,4.57,79
Survivors of the Flux,39,5,28-11-21,23:00,4.83,77
The Vanquishers,39,6,05-12-21,23:00,4.64,76
